Time(hr),Time(min),Time(sec), Hour,Minute,Second,Azim,Elevetr,Elevref,Etrn,Ampress,Gndrn
6.89278,413.567,24814,6,53,34,0,0.060173,0.517403,1379.09,31.15,38.5918
6.9,414,24840,6,54,0,0,0.153175,0.598014,1379.09,30.2521,41.4766
6.91667,415,24900,6,55,0,0,0.367432,0.785421,1379.09,28.3089,48.5967
6.93333,416,24960,6,56,0,0,0.581787,0.975132,1379.09,26.5306,56.3526
6.95,417,25020,6,57,0,0,0.796219,1.16695,1379.09,24.9056,64.6999
6.96667,418,25080,6,58,0,0,1.01076,1.36072,1379.09,23.421,73.5902
6.98333,419,25140,6,59,0,0,1.22537,1.55627,1379.09,22.0648,82.9671
7,420,25200,7,0,0,0,1.44109,1.75439,1379.09,20.8196,92.8214
7.01667,421,25260,7,1,0,0,1.65588,1.95307,1379.09,19.6857,103.004
7.03333,422,25320,7,2,0,0,1.87074,2.1531,1379.09,18.6471,113.502
7.05,423,25380,7,3,0,0,2.0857,2.35438,1379.09,17.6942,124.263
7.06667,424,25440,7,4,0,0,2.30074,2.55677,1379.09,16.8188,135.234
7.08333,425,25500,7,5,0,0,2.51723,2.76146,1379.09,16.0083,146.441
7.1,426,25560,7,6,0,0,2.73243,2.96579,1379.09,15.266,157.698
7.11667,427,25620,7,7,0,0,2.94771,3.17094,1379.09,14.5806,169.035
7.13333,428,25680,7,8,0,0,3.16307,3.37686,1379.09,13.9464,180.418
7.15,429,25740,7,9,0,0,3.3785,3.58346,1379.09,13.3587,191.814
7.16667,430,25800,7,10,0,0,3.59438,3.79105,1379.09,12.8122,203.217
7.18333,431,25860,7,11,0,0,3.8106,3.99948,1379.09,12.3033,214.597
7.2,432,25920,7,12,0,0,4.02625,4.20785,1379.09,11.8306,225.886
7.21667,433,25980,7,13,0,0,4.242,4.41676,1379.09,11.3893,237.101
7.23333,434,26040,7,14,0,0,4.45779,4.62615,1379.09,10.9768,248.226
7.25,435,26100,7,15,0,0,4.6741,4.83646,1379.09,10.5896,259.271
7.26667,436,26160,7,16,0,0,4.89067,5.04748,1379.09,10.2261,270.217
7.28333,437,26220,7,17,0,0,5.10669,5.25885,1379.09,9.88472,281.036
7.3,438,26280,7,18,0,0,5.32278,5.47015,1379.09,9.56435,291.7
7.31667,439,26340,7,19,0,0,5.53929,5.68212,1379.09,9.26214,302.243
7.33333,440,26400,7,20,0,0,5.75552,5.89405,1379.09,8.97759,312.625
7.35,441,26460,7,21,0,0,5.97179,6.10625,1379.09,8.70889,322.858
7.36667,442,26520,7,22,0,0,6.18877,6.31933,1379.09,8.45409,332.969
7.38333,443,26580,7,23,0,0,6.4056,6.53247,1379.09,8.21311,342.919
7.4,444,26640,7,24,0,0,6.62208,6.74544,1379.09,7.98514,352.695
7.41667,445,26700,7,25,0,0,6.83862,6.95864,1379.09,7.76879,362.318
7.43333,446,26760,7,26,0,0,7.05521,7.17205,1379.09,7.56325,371.786
7.45,447,26820,7,27,0,0,7.27187,7.38567,1379.09,7.36778,381.1
7.46667,448,26880,7,28,0,0,7.48957,7.60046,1379.09,7.18084,390.304
7.48333,449,26940,7,29,0,0,7.70634,7.81447,1379.09,7.00351,399.313
7.5,450,27000,7,30,0,0,7.92318,8.02866,1379.09,6.83436,408.172
7.51667,451,27060,7,31,0,0,8.14006,8.24301,1379.09,6.67285,416.882
7.53333,452,27120,7,32,0,0,8.357,8.45753,1379.09,6.51851,425.445
7.55,453,27180,7,33,0,0,8.57503,8.67322,1379.09,6.3702,433.903
7.56667,454,27240,7,34,0,0,8.79208,8.88805,1379.09,6.2289,442.178
7.58333,455,27300,7,35,0,0,9.00918,9.10301,1379.09,6.09353,450.312
7.6,456,27360,7,36,0,0,9.22633,9.31811,1379.09,5.96374,458.308
7.61667,457,27420,7,37,0,0,9.44353,9.53335,1379.09,5.83919,466.168
7.63333,458,27480,7,38,0,0,9.66078,9.74871,1379.09,5.71961,473.894
7.65,459,27540,7,39,0,0,9.87907,9.96517,1379.09,5.60418,481.524
7.66667,460,27600,7,40,0,0,10.0964,10.1808,1379.09,5.4937,488.991
7.68333,461,27660,7,41,0,0,10.3138,10.3965,1379.09,5.3874,496.331
7.7,462,27720,7,42,0,0,10.5313,10.6123,1379.09,5.28504,503.548
7.71667,463,27780,7,43,0,0,10.7487,10.8282,1379.09,5.18643,510.644
7.73333,464,27840,7,44,0,0,10.9667,11.0446,1379.09,5.09118,517.635
7.75,465,27900,7,45,0,0,11.1849,11.2614,1379.09,4.99924,524.514
7.76667,466,27960,7,46,0,0,11.4025,11.4776,1379.09,4.91076,531.261
7.78333,467,28020,7,47,0,0,11.6202,11.6939,1379.09,4.82532,537.897
7.8,468,28080,7,48,0,0,11.8379,11.9102,1379.09,4.74276,544.423
7.81667,469,28140,7,49,0,0,12.056,12.1271,1379.09,4.66282,550.854
7.83333,470,28200,7,50,0,0,12.2747,12.3445,1379.09,4.58532,557.195
7.85,471,28260,7,51,0,0,12.4925,12.5611,1379.09,4.51065,563.408
7.86667,472,28320,7,52,0,0,12.7103,12.7778,1379.09,4.43836,569.52
7.88333,473,28380,7,53,0,0,12.9286,12.995,1379.09,4.36821,575.546
7.9,474,28440,7,54,0,0,13.1466,13.2119,1379.09,4.30037,581.465
7.91667,475,28500,7,55,0,0,13.3645,13.4288,1379.09,4.2346,587.289
7.93333,476,28560,7,56,0,0,13.5831,13.6463,1379.09,4.17065,593.038
7.95,477,28620,7,57,0,0,13.8015,13.8637,1379.09,4.10866,598.691
7.96667,478,28680,7,58,0,0,14.0195,14.0808,1379.09,4.04861,604.246
7.98333,479,28740,7,59,0,0,14.2376,14.2979,1379.09,3.99029,609.715
8,480,28800,8,0,0,0,14.4557,14.5151,1379.09,3.93364,615.1
8.01667,481,28860,8,1,0,0,14.6745,14.733,1379.09,3.87845,620.418
8.03333,482,28920,8,2,0,0,14.8931,14.9507,1379.09,3.82484,625.65
8.05,483,28980,8,3,0,0,15.1113,15.1681,1379.09,3.77281,630.792
8.06667,484,29040,8,4,0,0,15.3295,15.3855,1379.09,3.7222,635.858
8.08333,485,29100,8,5,0,0,15.5477,15.6029,1379.09,3.67295,640.848
8.1,486,29160,8,6,0,0,15.766,15.8204,1379.09,3.625,645.764
8.11667,487,29220,8,7,0,0,15.9853,16.0389,1379.09,3.57811,650.63
8.13333,488,29280,8,8,0,0,16.2036,16.2565,1379.09,3.53265,655.402
8.15,489,29340,8,9,0,0,16.4219,16.4741,1379.09,3.48835,660.105
8.16667,490,29400,8,10,0,0,16.6403,16.6918,1379.09,3.44517,664.74
8.18333,491,29460,8,11,0,0,16.8587,16.9095,1379.09,3.40308,669.308
8.2,492,29520,8,12,0,0,17.0771,17.1272,1379.09,3.36203,673.81
8.21667,493,29580,8,13,0,0,17.2965,17.346,1379.09,3.3218,678.27
8.23333,494,29640,8,14,0,0,17.515,17.5638,1379.09,3.28273,682.646
8.25,495,29700,8,15,0,0,17.7334,17.7816,1379.09,3.2446,686.96
8.26667,496,29760,8,16,0,0,17.9519,17.9994,1379.09,3.20738,691.214
8.28333,497,29820,8,17,0,0,18.1703,18.2173,1379.09,3.17103,695.409
8.3,498,29880,8,18,0,0,18.3898,18.4362,1379.09,3.13537,699.564
8.31667,499,29940,8,19,0,0,18.6083,18.6541,1379.09,3.10069,703.644
8.33333,500,30000,8,20,0,0,18.8268,18.8721,1379.09,3.0668,707.669
8.35,501,30060,8,21,0,0,19.0454,19.0901,1379.09,3.03367,711.639
8.36667,502,30120,8,22,0,0,19.2639,19.3081,1379.09,3.00129,715.555
8.38333,503,30180,8,23,0,0,19.4829,19.5265,1379.09,2.96956,719.426
8.4,504,30240,8,24,0,0,19.702,19.7451,1379.09,2.9385,723.249
8.41667,505,30300,8,25,0,0,19.9206,19.9632,1379.09,2.9082,727.01
8.43333,506,30360,8,26,0,0,20.1391,20.1813,1379.09,2.87855,730.722
8.45,507,30420,8,27,0,0,20.3581,20.3997,1379.09,2.84948,734.391
8.46667,508,30480,8,28,0,0,20.5767,20.6178,1379.09,2.82107,738.007
8.48333,509,30540,8,29,0,0,20.7952,20.8359,1379.09,2.79326,741.576
8.5,510,30600,8,30,0,0,21.0144,21.0546,1379.09,2.76595,745.108
8.51667,511,30660,8,31,0,0,21.2334,21.2732,1379.09,2.73923,748.592
8.53333,512,30720,8,32,0,0,21.452,21.4913,1379.09,2.71309,752.025
8.55,513,30780,8,33,0,0,21.6706,21.7095,1379.09,2.68749,755.414
8.56667,514,30840,8,34,0,0,21.8891,21.9276,1379.09,2.6624,758.76
8.58333,515,30900,8,35,0,0,22.1083,22.1464,1379.09,2.63774,762.074
8.6,516,30960,8,36,0,0,22.3272,22.3649,1379.09,2.61359,765.342
8.61667,517,31020,8,37,0,0,22.5458,22.5831,1379.09,2.58995,768.565
8.63333,518,31080,8,38,0,0,22.7644,22.8013,1379.09,2.56676,771.748
8.65,519,31140,8,39,0,0,22.9829,23.0194,1379.09,2.54403,774.891
8.66667,520,31200,8,40,0,0,23.2015,23.2376,1379.09,2.52172,777.996
8.68333,521,31260,8,41,0,0,23.4213,23.4571,1379.09,2.49971,781.082
8.7,522,31320,8,42,0,0,23.6399,23.6752,1379.09,2.47823,784.112
8.71667,523,31380,8,43,0,0,23.8584,23.8934,1379.09,2.45716,787.105
8.73333,524,31440,8,44,0,0,24.0769,24.1115,1379.09,2.43647,790.062
8.75,525,31500,8,45,0,0,24.2953,24.3297,1379.09,2.41616,792.984
8.76667,526,31560,8,46,0,0,24.5148,24.5488,1379.09,2.39613,795.884
8.78333,527,31620,8,47,0,0,24.7333,24.7669,1379.09,2.37656,798.737
8.8,528,31680,8,48,0,0,24.9517,24.985,1379.09,2.35733,801.557
8.81667,529,31740,8,49,0,0,25.1701,25.2031,1379.09,2.33844,804.343
8.83333,530,31800,8,50,0,0,25.3885,25.4212,1379.09,2.31988,807.097
8.85,531,31860,8,51,0,0,25.6069,25.6393,1379.09,2.30165,809.818
8.86667,532,31920,8,52,0,0,25.8263,25.8583,1379.09,2.28366,812.521
8.88333,533,31980,8,53,0,0,26.0446,26.0764,1379.09,2.26605,815.18
8.9,534,32040,8,54,0,0,26.263,26.2944,1379.09,2.24875,817.808
8.91667,535,32100,8,55,0,0,26.4813,26.5124,1379.09,2.23174,820.407
8.93333,536,32160,8,56,0,0,26.6995,26.7304,1379.09,2.21502,822.976
8.95,537,32220,8,57,0,0,26.9182,26.9487,1379.09,2.19854,825.521
8.96667,538,32280,8,58,0,0,27.137,27.1673,1379.09,2.18233,828.039
8.98333,539,32340,8,59,0,0,27.3552,27.3852,1379.09,2.16643,830.522
9,540,32400,9,0,0,0,27.5733,27.6031,1379.09,2.15079,832.977
9.01667,541,32460,9,1,0,0,27.7919,27.8213,1379.09,2.13538,835.409
9.03333,542,32520,9,2,0,0,28.01,28.0391,1379.09,2.12025,837.81
9.05,543,32580,9,3,0,0,28.2286,28.2576,1379.09,2.10532,840.191
9.06667,544,32640,9,4,0,0,28.4467,28.4753,1379.09,2.09067,842.539
9.08333,545,32700,9,5,0,0,28.6651,28.6935,1379.09,2.07623,844.865
9.1,546,32760,9,6,0,0,28.883,28.9112,1379.09,2.06204,847.162
9.11667,547,32820,9,7,0,0,29.1009,29.1288,1379.09,2.04807,849.434
9.13333,548,32880,9,8,0,0,29.3188,29.3465,1379.09,2.03432,851.681
9.15,549,32940,9,9,0,0,29.5373,29.5647,1379.09,2.02075,853.911
9.16667,550,33000,9,10,0,0,29.7555,29.7826,1379.09,2.0074,856.114
9.18333,551,33060,9,11,0,0,29.9732,30.0002,1379.09,1.99428,858.289
9.2,552,33120,9,12,0,0,30.1909,30.2176,1379.09,1.98136,860.441
9.21667,553,33180,9,13,0,0,30.4086,30.4351,1379.09,1.96864,862.57
9.23333,554,33240,9,14,0,0,30.6262,30.6525,1379.09,1.95611,864.676
9.25,555,33300,9,15,0,0,30.8448,30.8708,1379.09,1.94371,866.77
9.26667,556,33360,9,16,0,0,31.0623,31.0881,1379.09,1.93155,868.832
9.28333,557,33420,9,17,0,0,31.2798,31.3054,1379.09,1.91957,870.872
9.3,558,33480,9,18,0,0,31.4972,31.5226,1379.09,1.90777,872.891
9.31667,559,33540,9,19,0,0,31.7146,31.7397,1379.09,1.89614,874.889
9.33333,560,33600,9,20,0,0,31.9329,31.9578,1379.09,1.88463,876.875
9.35,561,33660,9,21,0,0,32.1501,32.1749,1379.09,1.87334,878.832
9.36667,562,33720,9,22,0,0,32.3673,32.3919,1379.09,1.86221,880.768
9.38333,563,33780,9,23,0,0,32.5845,32.6088,1379.09,1.85125,882.684
9.4,564,33840,9,24,0,0,32.8015,32.8257,1379.09,1.84044,884.58
9.41667,565,33900,9,25,0,0,33.0186,33.0425,1379.09,1.82978,886.457
9.43333,566,33960,9,26,0,0,33.2365,33.2602,1379.09,1.81922,888.323
9.45,567,34020,9,27,0,0,33.4534,33.4769,1379.09,1.80887,890.162
9.46667,568,34080,9,28,0,0,33.6702,33.6936,1379.09,1.79866,891.982
9.48333,569,34140,9,29,0,0,33.887,33.9101,1379.09,1.78859,893.783
9.5,570,34200,9,30,0,0,34.1037,34.1266,1379.09,1.77866,895.566
9.51667,571,34260,9,31,0,0,34.3216,34.3444,1379.09,1.7688,897.342
9.53333,572,34320,9,32,0,0,34.5381,34.5607,1379.09,1.75915,899.089
9.55,573,34380,9,33,0,0,34.7546,34.777,1379.09,1.74962,900.819
9.56667,574,34440,9,34,0,0,34.971,34.9932,1379.09,1.74023,902.531
9.58333,575,34500,9,35,0,0,35.1877,35.2097,1379.09,1.73095,904.229
9.6,576,34560,9,36,0,0,35.4039,35.4258,1379.09,1.72181,905.907
9.61667,577,34620,9,37,0,0,35.6207,35.6424,1379.09,1.71276,907.573
9.63333,578,34680,9,38,0,0,35.8368,35.8583,1379.09,1.70386,909.218
9.65,579,34740,9,39,0,0,36.0531,36.0745,1379.09,1.69507,910.85
9.66667,580,34800,9,40,0,0,36.269,36.2902,1379.09,1.68641,912.462
9.68333,581,34860,9,41,0,0,36.4848,36.5059,1379.09,1.67786,914.058
9.7,582,34920,9,42,0,0,36.7005,36.7214,1379.09,1.66943,915.639
9.71667,583,34980,9,43,0,0,36.9168,36.9375,1379.09,1.66108,917.209
9.73333,584,35040,9,44,0,0,37.1327,37.1533,1379.09,1.65286,918.761
9.75,585,35100,9,45,0,0,37.3482,37.3685,1379.09,1.64475,920.296
9.76667,586,35160,9,46,0,0,37.5635,37.5837,1379.09,1.63675,921.815
9.78333,587,35220,9,47,0,0,37.7787,37.7988,1379.09,1.62885,923.32
9.8,588,35280,9,48,0,0,37.9949,38.0148,1379.09,1.62102,924.817
9.81667,589,35340,9,49,0,0,38.21,38.2297,1379.09,1.61332,926.292
9.83333,590,35400,9,50,0,0,38.4249,38.4445,1379.09,1.60573,927.753
9.85,591,35460,9,51,0,0,38.6397,38.6592,1379.09,1.59823,929.2
9.86667,592,35520,9,52,0,0,38.8544,38.8737,1379.09,1.59082,930.632
9.88333,593,35580,9,53,0,0,39.069,39.0882,1379.09,1.58351,932.051
9.9,594,35640,9,54,0,0,39.2846,39.3036,1379.09,1.57626,933.463
9.91667,595,35700,9,55,0,0,39.499,39.5178,1379.09,1.56914,934.855
9.93333,596,35760,9,56,0,0,39.7132,39.7319,1379.09,1.5621,936.233
9.95,597,35820,9,57,0,0,39.9274,39.9459,1379.09,1.55515,937.598
9.96667,598,35880,9,58,0,0,40.1414,40.1598,1379.09,1.54829,938.949
9.98333,599,35940,9,59,0,0,40.3553,40.3736,1379.09,1.54151,940.288
10,600,36000,10,0,0,0,40.5701,40.5883,1379.09,1.53478,941.62
10.0167,601,36060,10,1,0,0,40.7837,40.8018,1379.09,1.52817,942.933
10.0333,602,36120,10,2,0,0,40.9972,41.0151,1379.09,1.52164,944.234
10.05,603,36180,10,3,0,0,41.2106,41.2284,1379.09,1.5152,945.522
10.0667,604,36240,10,4,0,0,41.4239,41.4415,1379.09,1.50883,946.798
10.0833,605,36300,10,5,0,0,41.638,41.6555,1379.09,1.5025,948.067
10.1,606,36360,10,6,0,0,41.851,41.8684,1379.09,1.49629,949.319
10.1167,607,36420,10,7,0,0,42.0638,42.0811,1379.09,1.49015,950.558
10.1333,608,36480,10,8,0,0,42.2765,42.2936,1379.09,1.48409,951.786
10.15,609,36540,10,9,0,0,42.4894,42.5064,1379.09,1.47808,953.004
10.1667,610,36600,10,10,0,0,42.7018,42.7187,1379.09,1.47216,954.208
10.1833,611,36660,10,11,0,0,42.9147,42.9314,1379.09,1.4663,955.405
10.2,612,36720,10,12,0,0,43.1267,43.1434,1379.09,1.46052,956.586
10.2167,613,36780,10,13,0,0,43.339,43.3555,1379.09,1.4548,957.759
10.2333,614,36840,10,14,0,0,43.5508,43.5672,1379.09,1.44916,958.918
10.25,615,36900,10,15,0,0,43.7624,43.7786,1379.09,1.44359,960.066
10.2667,616,36960,10,16,0,0,43.9744,43.9906,1379.09,1.43807,961.206
10.2833,617,37020,10,17,0,0,44.1857,44.2017,1379.09,1.43263,962.333
10.3,618,37080,10,18,0,0,44.3972,44.4131,1379.09,1.42724,963.45
10.3167,619,37140,10,19,0,0,44.6081,44.6238,1379.09,1.42193,964.555
10.3333,620,37200,10,20,0,0,44.8188,44.8344,1379.09,1.41668,965.65
10.35,621,37260,10,21,0,0,45.0293,45.0449,1379.09,1.41149,966.734
10.3667,622,37320,10,22,0,0,45.241,45.2565,1379.09,1.40633,967.815
10.3833,623,37380,10,23,0,0,45.4512,45.4665,1379.09,1.40127,968.878
10.4,624,37440,10,24,0,0,45.6612,45.6764,1379.09,1.39626,969.931
10.4167,625,37500,10,25,0,0,45.8709,45.886,1379.09,1.39132,970.975
10.4333,626,37560,10,26,0,0,46.0805,46.0955,1379.09,1.38643,972.008
10.45,627,37620,10,27,0,0,46.2899,46.3048,1379.09,1.38159,973.032
10.4667,628,37680,10,28,0,0,46.5001,46.5149,1379.09,1.37679,974.051
10.4833,629,37740,10,29,0,0,46.7091,46.7237,1379.09,1.37207,975.055
10.5,630,37800,10,30,0,0,46.9178,46.9324,1379.09,1.36741,976.049
10.5167,631,37860,10,31,0,0,47.1263,47.1408,1379.09,1.3628,977.034
10.5333,632,37920,10,32,0,0,47.3346,47.349,1379.09,1.35824,978.01
10.55,633,37980,10,33,0,0,47.5438,47.558,1379.09,1.35371,978.981
10.5667,634,38040,10,34,0,0,47.7516,47.7658,1379.09,1.34926,979.938
10.5833,635,38100,10,35,0,0,47.9593,47.9733,1379.09,1.34486,980.886
10.6,636,38160,10,36,0,0,48.1667,48.1806,1379.09,1.34051,981.825
10.6167,637,38220,10,37,0,0,48.3738,48.3876,1379.09,1.33621,982.754
10.6333,638,38280,10,38,0,0,48.5807,48.5944,1379.09,1.33196,983.675
10.65,639,38340,10,39,0,0,48.7884,48.8021,1379.09,1.32774,984.592
10.6667,640,38400,10,40,0,0,48.9948,49.0084,1379.09,1.32359,985.495
10.6833,641,38460,10,41,0,0,49.201,49.2144,1379.09,1.31949,986.389
10.7,642,38520,10,42,0,0,49.4068,49.4202,1379.09,1.31543,987.275
10.7167,643,38580,10,43,0,0,49.6128,49.6261,1379.09,1.31141,988.154
10.7333,644,38640,10,44,0,0,49.8182,49.8313,1379.09,1.30745,989.023
10.75,645,38700,10,45,0,0,50.0239,50.037,1379.09,1.30352,989.886
10.7667,646,38760,10,46,0,0,50.2287,50.2417,1379.09,1.29965,990.738
10.7833,647,38820,10,47,0,0,50.4332,50.4461,1379.09,1.29582,991.581
10.8,648,38880,10,48,0,0,50.6378,50.6506,1379.09,1.29203,992.418
10.8167,649,38940,10,49,0,0,50.8417,50.8544,1379.09,1.28829,993.245
10.8333,650,39000,10,50,0,0,51.0461,51.0587,1379.09,1.28458,994.067
10.85,651,39060,10,51,0,0,51.2494,51.2619,1379.09,1.28093,994.878
10.8667,652,39120,10,52,0,0,51.4527,51.4651,1379.09,1.27731,995.682
10.8833,653,39180,10,53,0,0,51.6554,51.6677,1379.09,1.27374,996.477
10.9,654,39240,10,54,0,0,51.8577,51.87,1379.09,1.27021,997.265
10.9167,655,39300,10,55,0,0,52.0597,52.0719,1379.09,1.26672,998.044
10.9333,656,39360,10,56,0,0,52.2626,52.2746,1379.09,1.26326,998.82
10.95,657,39420,10,57,0,0,52.4639,52.4759,1379.09,1.25985,999.584
10.9667,658,39480,10,58,0,0,52.6649,52.6768,1379.09,1.25648,1000.34
10.9833,659,39540,10,59,0,0,52.8656,52.8774,1379.09,1.25315,1001.09
11,660,39600,11,0,0,0,53.0658,53.0776,1379.09,1.24986,1001.83
11.0167,661,39660,11,1,0,0,53.2669,53.2785,1379.09,1.2466,1002.57
11.0333,662,39720,11,2,0,0,53.4665,53.478,1379.09,1.24338,1003.29
11.05,663,39780,11,3,0,0,53.6656,53.6771,1379.09,1.24021,1004.01
11.0667,664,39840,11,4,0,0,53.8644,53.8758,1379.09,1.23707,1004.72
11.0833,665,39900,11,5,0,0,54.0628,54.0741,1379.09,1.23396,1005.43
11.1,666,39960,11,6,0,0,54.2608,54.272,1379.09,1.2309,1006.13
11.1167,667,40020,11,7,0,0,54.4598,54.4709,1379.09,1.22785,1006.82
11.1333,668,40080,11,8,0,0,54.657,54.668,1379.09,1.22485,1007.5
11.15,669,40140,11,9,0,0,54.8537,54.8647,1379.09,1.22189,1008.18
11.1667,670,40200,11,10,0,0,55.0501,55.0609,1379.09,1.21897,1008.85
11.1833,671,40260,11,11,0,0,55.2459,55.2568,1379.09,1.21608,1009.51
11.2,672,40320,11,12,0,0,55.4414,55.4521,1379.09,1.21322,1010.17
11.2167,673,40380,11,13,0,0,55.6375,55.6482,1379.09,1.21039,1010.82
11.2333,674,40440,11,14,0,0,55.8321,55.8426,1379.09,1.2076,1011.46
11.25,675,40500,11,15,0,0,56.0261,56.0366,1379.09,1.20484,1012.09
11.2667,676,40560,11,16,0,0,56.2197,56.2301,1379.09,1.20212,1012.72
11.2833,677,40620,11,17,0,0,56.4132,56.4235,1379.09,1.19943,1013.34
11.3,678,40680,11,18,0,0,56.6066,56.6169,1379.09,1.19676,1013.96
11.3167,679,40740,11,19,0,0,56.7987,56.8089,1379.09,1.19414,1014.57
11.3333,680,40800,11,20,0,0,56.9903,57.0004,1379.09,1.19154,1015.17
11.35,681,40860,11,21,0,0,57.1813,57.1914,1379.09,1.18898,1015.76
11.3667,682,40920,11,22,0,0,57.3722,57.3822,1379.09,1.18645,1016.35
11.3833,683,40980,11,23,0,0,57.5622,57.5721,1379.09,1.18395,1016.93
11.4,684,41040,11,24,0,0,57.7525,57.7623,1379.09,1.18147,1017.51
11.4167,685,41100,11,25,0,0,57.9413,57.9511,1379.09,1.17903,1018.08
11.4333,686,41160,11,26,0,0,58.13,58.1397,1379.09,1.17662,1018.65
11.45,687,41220,11,27,0,0,58.3177,58.3273,1379.09,1.17424,1019.2
11.4667,688,41280,11,28,0,0,58.5048,58.5143,1379.09,1.17189,1019.75
11.4833,689,41340,11,29,0,0,58.6913,58.7008,1379.09,1.16957,1020.3
11.5,690,41400,11,30,0,0,58.8784,58.8878,1379.09,1.16726,1020.84
11.5167,691,41460,11,31,0,0,59.0637,59.073,1379.09,1.165,1021.37
11.5333,692,41520,11,32,0,0,59.2483,59.2576,1379.09,1.16277,1021.89
11.55,693,41580,11,33,0,0,59.4323,59.4415,1379.09,1.16057,1022.41
11.5667,694,41640,11,34,0,0,59.6156,59.6247,1379.09,1.15839,1022.93
11.5833,695,41700,11,35,0,0,59.7994,59.8085,1379.09,1.15623,1023.44
11.6,696,41760,11,36,0,0,59.9813,59.9903,1379.09,1.1541,1023.94
11.6167,697,41820,11,37,0,0,60.1626,60.1715,1379.09,1.15201,1024.43
11.6333,698,41880,11,38,0,0,60.3431,60.352,1379.09,1.14994,1024.92
11.65,699,41940,11,39,0,0,60.5229,60.5317,1379.09,1.1479,1025.41
11.6667,700,42000,11,40,0,0,60.7019,60.7106,1379.09,1.14589,1025.88
11.6833,701,42060,11,41,0,0,60.8814,60.8901,1379.09,1.14389,1026.36
11.7,702,42120,11,42,0,0,61.0589,61.0675,1379.09,1.14193,1026.83
11.7167,703,42180,11,43,0,0,61.2356,61.2442,1379.09,1.14,1027.29
11.7333,704,42240,11,44,0,0,61.4115,61.42,1379.09,1.13809,1027.74
11.75,705,42300,11,45,0,0,61.5866,61.5951,1379.09,1.13621,1028.19
11.7667,706,42360,11,46,0,0,61.7622,61.7705,1379.09,1.13434,1028.63
11.7833,707,42420,11,47,0,0,61.9356,61.9439,1379.09,1.13251,1029.07
11.8,708,42480,11,48,0,0,62.1081,62.1164,1379.09,1.1307,1029.5
11.8167,709,42540,11,49,0,0,62.2798,62.288,1379.09,1.12892,1029.93
11.8333,710,42600,11,50,0,0,62.4505,62.4587,1379.09,1.12717,1030.35
11.85,711,42660,11,51,0,0,62.6207,62.6287,1379.09,1.12544,1030.77
11.8667,712,42720,11,52,0,0,62.7906,62.7986,1379.09,1.12372,1031.18
11.8833,713,42780,11,53,0,0,62.9585,62.9665,1379.09,1.12204,1031.58
11.9,714,42840,11,54,0,0,63.1255,63.1334,1379.09,1.12038,1031.98
11.9167,715,42900,11,55,0,0,63.2915,63.2993,1379.09,1.11875,1032.37
11.9333,716,42960,11,56,0,0,63.4568,63.4645,1379.09,1.11713,1032.76
11.95,717,43020,11,57,0,0,63.6207,63.6284,1379.09,1.11555,1033.15
11.9667,718,43080,11,58,0,0,63.7848,63.7925,1379.09,1.11398,1033.52
11.9833,719,43140,11,59,0,0,63.9466,63.9543,1379.09,1.11244,1033.9
12,720,43200,12,0,0,0,64.1077,64.1152,1379.09,1.11092,1034.26
12.0167,721,43260,12,1,0,0,64.2673,64.2748,1379.09,1.10943,1034.62
12.0333,722,43320,12,2,0,0,64.4258,64.4333,1379.09,1.10796,1034.98
12.05,723,43380,12,3,0,0,64.5842,64.5916,1379.09,1.1065,1035.33
12.0667,724,43440,12,4,0,0,64.7407,64.748,1379.09,1.10508,1035.68
12.0833,725,43500,12,5,0,0,64.8957,64.903,1379.09,1.10368,1036.02
12.1,726,43560,12,6,0,0,65.0494,65.0567,1379.09,1.1023,1036.35
12.1167,727,43620,12,7,0,0,65.2019,65.2091,1379.09,1.10094,1036.68
12.1333,728,43680,12,8,0,0,65.3532,65.3603,1379.09,1.09961,1037.01
12.15,729,43740,12,9,0,0,65.5045,65.5116,1379.09,1.09828,1037.33
12.1667,730,43800,12,10,0,0,65.6532,65.6602,1379.09,1.09699,1037.64
12.1833,731,43860,12,11,0,0,65.8005,65.8075,1379.09,1.09573,1037.95
12.2,732,43920,12,12,0,0,65.9464,65.9534,1379.09,1.09448,1038.26
12.2167,733,43980,12,13,0,0,66.091,66.0979,1379.09,1.09326,1038.55
12.2333,734,44040,12,14,0,0,66.2342,66.241,1379.09,1.09205,1038.85
12.25,735,44100,12,15,0,0,66.3773,66.3841,1379.09,1.09086,1039.14
12.2667,736,44160,12,16,0,0,66.5175,66.5243,1379.09,1.0897,1039.42
12.2833,737,44220,12,17,0,0,66.6563,66.663,1379.09,1.08856,1039.7
12.3,738,44280,12,18,0,0,66.7935,66.8002,1379.09,1.08744,1039.97
12.3167,739,44340,12,19,0,0,66.9292,66.9358,1379.09,1.08634,1040.24
12.3333,740,44400,12,20,0,0,67.0647,67.0713,1379.09,1.08526,1040.51
12.35,741,44460,12,21,0,0,67.1972,67.2038,1379.09,1.0842,1040.77
12.3667,742,44520,12,22,0,0,67.3281,67.3346,1379.09,1.08317,1041.02
12.3833,743,44580,12,23,0,0,67.4573,67.4638,1379.09,1.08215,1041.27
12.4,744,44640,12,24,0,0,67.5848,67.5912,1379.09,1.08116,1041.52
12.4167,745,44700,12,25,0,0,67.7109,67.7172,1379.09,1.08018,1041.75
12.4333,746,44760,12,26,0,0,67.8361,67.8424,1379.09,1.07922,1041.99
12.45,747,44820,12,27,0,0,67.9584,67.9647,1379.09,1.07829,1042.22
12.4667,748,44880,12,28,0,0,68.0788,68.0851,1379.09,1.07738,1042.45
12.4833,749,44940,12,29,0,0,68.1975,68.2037,1379.09,1.07649,1042.66
12.5,750,45000,12,30,0,0,68.3145,68.3207,1379.09,1.07561,1042.88
12.5167,751,45060,12,31,0,0,68.4305,68.4367,1379.09,1.07475,1043.09
12.5333,752,45120,12,32,0,0,68.5435,68.5496,1379.09,1.07392,1043.3
12.55,753,45180,12,33,0,0,68.6545,68.6605,1379.09,1.0731,1043.5
12.5667,754,45240,12,34,0,0,68.7636,68.7697,1379.09,1.07231,1043.69
12.5833,755,45300,12,35,0,0,68.8706,68.8766,1379.09,1.07154,1043.88
12.6,756,45360,12,36,0,0,68.9755,68.9815,1379.09,1.07078,1044.07
12.6167,757,45420,12,37,0,0,69.0796,69.0855,1379.09,1.07004,1044.25
12.6333,758,45480,12,38,0,0,69.1804,69.1864,1379.09,1.06932,1044.43
12.65,759,45540,12,39,0,0,69.279,69.2849,1379.09,1.06863,1044.6
12.6667,760,45600,12,40,0,0,69.3754,69.3812,1379.09,1.06795,1044.77
12.6833,761,45660,12,41,0,0,69.4695,69.4753,1379.09,1.06729,1044.93
12.7,762,45720,12,42,0,0,69.5614,69.5672,1379.09,1.06666,1045.09
12.7167,763,45780,12,43,0,0,69.6525,69.6583,1379.09,1.06603,1045.25
12.7333,764,45840,12,44,0,0,69.7399,69.7456,1379.09,1.06543,1045.4
12.75,765,45900,12,45,0,0,69.8249,69.8306,1379.09,1.06485,1045.54
12.7667,766,45960,12,46,0,0,69.9075,69.9132,1379.09,1.06429,1045.68
12.7833,767,46020,12,47,0,0,69.9877,69.9934,1379.09,1.06374,1045.81
12.8,768,46080,12,48,0,0,70.067,70.0727,1379.09,1.06321,1045.95
12.8167,769,46140,12,49,0,0,70.1424,70.148,1379.09,1.06271,1046.07
12.8333,770,46200,12,50,0,0,70.2153,70.2209,1379.09,1.06222,1046.19
12.85,771,46260,12,51,0,0,70.2857,70.2913,1379.09,1.06175,1046.31
12.8667,772,46320,12,52,0,0,70.3536,70.3591,1379.09,1.0613,1046.42
12.8833,773,46380,12,53,0,0,70.4188,70.4244,1379.09,1.06087,1046.52
12.9,774,46440,12,54,0,0,70.483,70.4885,1379.09,1.06045,1046.63
12.9167,775,46500,12,55,0,0,70.5431,70.5486,1379.09,1.06006,1046.73
12.9333,776,46560,12,56,0,0,70.6006,70.6061,1379.09,1.05969,1046.82
12.95,777,46620,12,57,0,0,70.6554,70.6609,1379.09,1.05933,1046.91
12.9667,778,46680,12,58,0,0,70.7075,70.713,1379.09,1.05899,1046.99
12.9833,779,46740,12,59,0,0,70.757,70.7625,1379.09,1.05868,1047.07
13,780,46800,13,0,0,0,70.8051,70.8106,1379.09,1.05837,1047.15
13.0167,781,46860,13,1,0,0,70.8491,70.8545,1379.09,1.05809,1047.22
13.0333,782,46920,13,2,0,0,70.8903,70.8957,1379.09,1.05782,1047.28
13.05,783,46980,13,3,0,0,70.9287,70.9341,1379.09,1.05758,1047.34
13.0667,784,47040,13,4,0,0,70.9644,70.9697,1379.09,1.05735,1047.4
13.0833,785,47100,13,5,0,0,70.9986,71.0039,1379.09,1.05713,1047.45
13.1,786,47160,13,6,0,0,71.0285,71.0339,1379.09,1.05694,1047.5
13.1167,787,47220,13,7,0,0,71.0556,71.061,1379.09,1.05677,1047.54
13.1333,788,47280,13,8,0,0,71.08,71.0853,1379.09,1.05662,1047.58
13.15,789,47340,13,9,0,0,71.1014,71.1067,1379.09,1.05648,1047.62
13.1667,790,47400,13,10,0,0,71.1199,71.1252,1379.09,1.05637,1047.65
13.1833,791,47460,13,11,0,0,71.1369,71.1423,1379.09,1.05626,1047.67
13.2,792,47520,13,12,0,0,71.1497,71.155,1379.09,1.05618,1047.69
13.2167,793,47580,13,13,0,0,71.1595,71.1649,1379.09,1.05612,1047.71
13.2333,794,47640,13,14,0,0,71.1665,71.1718,1379.09,1.05608,1047.72
13.25,795,47700,13,15,0,0,71.1705,71.1759,1379.09,1.05605,1047.72
13.2667,796,47760,13,16,0,0,71.1731,71.1784,1379.09,1.05603,1047.73
13.2833,797,47820,13,17,0,0,71.1713,71.1766,1379.09,1.05605,1047.73
13.3,798,47880,13,18,0,0,71.1666,71.1719,1379.09,1.05607,1047.72
13.3167,799,47940,13,19,0,0,71.159,71.1643,1379.09,1.05612,1047.71
13.3333,800,48000,13,20,0,0,71.1485,71.1538,1379.09,1.05619,1047.69
13.35,801,48060,13,21,0,0,71.1351,71.1404,1379.09,1.05627,1047.67
13.3667,802,48120,13,22,0,0,71.1202,71.1256,1379.09,1.05637,1047.65
13.3833,803,48180,13,23,0,0,71.1011,71.1064,1379.09,1.05649,1047.62
13.4,804,48240,13,24,0,0,71.079,71.0844,1379.09,1.05663,1047.58
13.4167,805,48300,13,25,0,0,71.0541,71.0595,1379.09,1.05678,1047.54
13.4333,806,48360,13,26,0,0,71.0263,71.0317,1379.09,1.05696,1047.5
13.45,807,48420,13,27,0,0,70.9958,71.0011,1379.09,1.05715,1047.45
13.4667,808,48480,13,28,0,0,70.9637,70.969,1379.09,1.05736,1047.4
13.4833,809,48540,13,29,0,0,70.9274,70.9328,1379.09,1.05759,1047.34
13.5,810,48600,13,30,0,0,70.8884,70.8938,1379.09,1.05783,1047.28
13.5167,811,48660,13,31,0,0,70.8465,70.852,1379.09,1.0581,1047.21
13.5333,812,48720,13,32,0,0,70.802,70.8074,1379.09,1.05839,1047.14
13.55,813,48780,13,33,0,0,70.7557,70.7611,1379.09,1.05868,1047.07
13.5667,814,48840,13,34,0,0,70.7057,70.7111,1379.09,1.05901,1046.99
13.5833,815,48900,13,35,0,0,70.6529,70.6584,1379.09,1.05935,1046.9
13.6,816,48960,13,36,0,0,70.5975,70.603,1379.09,1.05971,1046.81
13.6167,817,49020,13,37,0,0,70.5394,70.5449,1379.09,1.06009,1046.72
13.6333,818,49080,13,38,0,0,70.4785,70.4841,1379.09,1.06048,1046.62
13.65,819,49140,13,39,0,0,70.4166,70.4221,1379.09,1.06089,1046.52
13.6667,820,49200,13,40,0,0,70.3507,70.3562,1379.09,1.06132,1046.41
13.6833,821,49260,13,41,0,0,70.2822,70.2878,1379.09,1.06178,1046.3
13.7,822,49320,13,42,0,0,70.2111,70.2167,1379.09,1.06225,1046.18
13.7167,823,49380,13,43,0,0,70.1376,70.1432,1379.09,1.06274,1046.06
13.7333,824,49440,13,44,0,0,70.0616,70.0673,1379.09,1.06325,1045.94
13.75,825,49500,13,45,0,0,69.9846,69.9902,1379.09,1.06377,1045.81
13.7667,826,49560,13,46,0,0,69.9036,69.9093,1379.09,1.06431,1045.67
13.7833,827,49620,13,47,0,0,69.8203,69.8261,1379.09,1.06488,1045.53
13.8,828,49680,13,48,0,0,69.7347,69.7405,1379.09,1.06546,1045.39
13.8167,829,49740,13,49,0,0,69.6468,69.6526,1379.09,1.06607,1045.24
13.8333,830,49800,13,50,0,0,69.558,69.5638,1379.09,1.06668,1045.09
13.85,831,49860,13,51,0,0,69.4653,69.4712,1379.09,1.06732,1044.93
13.8667,832,49920,13,52,0,0,69.3706,69.3765,1379.09,1.06798,1044.76
13.8833,833,49980,13,53,0,0,69.2737,69.2796,1379.09,1.06867,1044.59
13.9,834,50040,13,54,0,0,69.1746,69.1805,1379.09,1.06936,1044.42
13.9167,835,50100,13,55,0,0,69.0733,69.0793,1379.09,1.07008,1044.24
13.9333,836,50160,13,56,0,0,68.9711,68.9771,1379.09,1.07081,1044.06
13.95,837,50220,13,57,0,0,68.8657,68.8717,1379.09,1.07157,1043.88
13.9667,838,50280,13,58,0,0,68.7582,68.7642,1379.09,1.07235,1043.68
13.9833,839,50340,13,59,0,0,68.6487,68.6548,1379.09,1.07315,1043.49
14,840,50400,14,0,0,0,68.5372,68.5433,1379.09,1.07396,1043.29
14.0167,841,50460,14,1,0,0,68.4248,68.431,1379.09,1.07479,1043.08
14.0333,842,50520,14,2,0,0,68.3094,68.3156,1379.09,1.07565,1042.87
14.05,843,50580,14,3,0,0,68.1921,68.1983,1379.09,1.07653,1042.65
14.0667,844,50640,14,4,0,0,68.073,68.0792,1379.09,1.07742,1042.43
14.0833,845,50700,14,5,0,0,67.952,67.9583,1379.09,1.07834,1042.21
14.1,846,50760,14,6,0,0,67.8292,67.8356,1379.09,1.07928,1041.98
14.1167,847,50820,14,7,0,0,67.7057,67.7121,1379.09,1.08022,1041.75
14.1333,848,50880,14,8,0,0,67.5794,67.5858,1379.09,1.0812,1041.51
14.15,849,50940,14,9,0,0,67.4514,67.4579,1379.09,1.0822,1041.26
14.1667,850,51000,14,10,0,0,67.3217,67.3282,1379.09,1.08322,1041.01
14.1833,851,51060,14,11,0,0,67.1903,67.1969,1379.09,1.08426,1040.76
14.2,852,51120,14,12,0,0,67.0571,67.0637,1379.09,1.08532,1040.5
14.2167,853,51180,14,13,0,0,66.9238,66.9304,1379.09,1.08639,1040.23
14.2333,854,51240,14,14,0,0,66.7876,66.7943,1379.09,1.08749,1039.96
14.25,855,51300,14,15,0,0,66.6499,66.6566,1379.09,1.08861,1039.69
14.2667,856,51360,14,16,0,0,66.5104,66.5172,1379.09,1.08976,1039.41
14.2833,857,51420,14,17,0,0,66.3697,66.3766,1379.09,1.09092,1039.12
14.3,858,51480,14,18,0,0,66.2288,66.2356,1379.09,1.0921,1038.84
14.3167,859,51540,14,19,0,0,66.0852,66.0921,1379.09,1.0933,1038.54
14.3333,860,51600,14,20,0,0,65.9399,65.9468,1379.09,1.09454,1038.24
14.35,861,51660,14,21,0,0,65.7935,65.8005,1379.09,1.09579,1037.94
14.3667,862,51720,14,22,0,0,65.6457,65.6528,1379.09,1.09706,1037.63
14.3833,863,51780,14,23,0,0,65.4966,65.5037,1379.09,1.09835,1037.31
14.4,864,51840,14,24,0,0,65.347,65.3541,1379.09,1.09966,1036.99
14.4167,865,51900,14,25,0,0,65.195,65.2022,1379.09,1.101,1036.67
14.4333,866,51960,14,26,0,0,65.0421,65.0493,1379.09,1.10236,1036.34
14.45,867,52020,14,27,0,0,64.8879,64.8952,1379.09,1.10375,1036
14.4667,868,52080,14,28,0,0,64.7325,64.7399,1379.09,1.10515,1035.66
14.4833,869,52140,14,29,0,0,64.5759,64.5833,1379.09,1.10658,1035.31
14.5,870,52200,14,30,0,0,64.419,64.4265,1379.09,1.10802,1034.96
14.5167,871,52260,14,31,0,0,64.2601,64.2676,1379.09,1.10949,1034.61
14.5333,872,52320,14,32,0,0,64.1001,64.1077,1379.09,1.11099,1034.25
14.55,873,52380,14,33,0,0,63.9389,63.9466,1379.09,1.11251,1033.88
14.5667,874,52440,14,34,0,0,63.7767,63.7844,1379.09,1.11405,1033.51
14.5833,875,52500,14,35,0,0,63.6143,63.622,1379.09,1.11561,1033.13
14.6,876,52560,14,36,0,0,63.4499,63.4577,1379.09,1.1172,1032.75
14.6167,877,52620,14,37,0,0,63.2846,63.2924,1379.09,1.11882,1032.36
14.6333,878,52680,14,38,0,0,63.1182,63.1261,1379.09,1.12045,1031.96
14.65,879,52740,14,39,0,0,62.9509,62.9588,1379.09,1.12211,1031.56
14.6667,880,52800,14,40,0,0,62.7825,62.7906,1379.09,1.1238,1031.16
14.6833,881,52860,14,41,0,0,62.614,62.6221,1379.09,1.1255,1030.75
14.7,882,52920,14,42,0,0,62.4438,62.452,1379.09,1.12724,1030.33
14.7167,883,52980,14,43,0,0,62.2727,62.2809,1379.09,1.129,1029.91
14.7333,884,53040,14,44,0,0,62.1007,62.109,1379.09,1.13078,1029.49
14.75,885,53100,14,45,0,0,61.9278,61.9362,1379.09,1.13259,1029.05
14.7667,886,53160,14,46,0,0,61.7548,61.7632,1379.09,1.13442,1028.62
14.7833,887,53220,14,47,0,0,61.5802,61.5887,1379.09,1.13628,1028.17
14.8,888,53280,14,48,0,0,61.4048,61.4133,1379.09,1.13816,1027.72
14.8167,889,53340,14,49,0,0,61.2286,61.2371,1379.09,1.14008,1027.27
14.8333,890,53400,14,50,0,0,61.0512,61.0598,1379.09,1.14202,1026.8
14.85,891,53460,14,51,0,0,60.8734,60.882,1379.09,1.14398,1026.34
14.8667,892,53520,14,52,0,0,60.6958,60.7045,1379.09,1.14596,1025.87
14.8833,893,53580,14,53,0,0,60.5164,60.5252,1379.09,1.14798,1025.39
14.9,894,53640,14,54,0,0,60.336,60.3449,1379.09,1.15002,1024.9
14.9167,895,53700,14,55,0,0,60.1552,60.1641,1379.09,1.1521,1024.41
14.9333,896,53760,14,56,0,0,59.9736,59.9826,1379.09,1.15419,1023.92
14.95,897,53820,14,57,0,0,59.7914,59.8005,1379.09,1.15632,1023.41
14.9667,898,53880,14,58,0,0,59.6095,59.6186,1379.09,1.15846,1022.91
14.9833,899,53940,14,59,0,0,59.4255,59.4347,1379.09,1.16065,1022.39
15,900,54000,15,0,0,0,59.2412,59.2505,1379.09,1.16285,1021.87
15.0167,901,54060,15,1,0,0,59.0563,59.0657,1379.09,1.16509,1021.35
15.0333,902,54120,15,2,0,0,58.8708,58.8802,1379.09,1.16736,1020.81
15.05,903,54180,15,3,0,0,58.6852,58.6947,1379.09,1.16965,1020.28
15.0667,904,54240,15,4,0,0,58.4984,58.508,1379.09,1.17197,1019.73
15.0833,905,54300,15,5,0,0,58.311,58.3207,1379.09,1.17432,1019.18
15.1,906,54360,15,6,0,0,58.123,58.1327,1379.09,1.17671,1018.62
15.1167,907,54420,15,7,0,0,57.9345,57.9442,1379.09,1.17912,1018.06
15.1333,908,54480,15,8,0,0,57.7453,57.7552,1379.09,1.18156,1017.49
15.15,909,54540,15,9,0,0,57.5562,57.5661,1379.09,1.18403,1016.92
15.1667,910,54600,15,10,0,0,57.366,57.3759,1379.09,1.18653,1016.33
15.1833,911,54660,15,11,0,0,57.1752,57.1852,1379.09,1.18906,1015.74
15.2,912,54720,15,12,0,0,56.9838,56.9939,1379.09,1.19163,1015.15
15.2167,913,54780,15,13,0,0,56.792,56.8022,1379.09,1.19423,1014.55
15.2333,914,54840,15,14,0,0,56.5996,56.6099,1379.09,1.19686,1013.94
15.25,915,54900,15,15,0,0,56.4069,56.4172,1379.09,1.19952,1013.32
15.2667,916,54960,15,16,0,0,56.2135,56.2239,1379.09,1.20221,1012.7
15.2833,917,55020,15,17,0,0,56.0197,56.0302,1379.09,1.20494,1012.07
15.3,918,55080,15,18,0,0,55.8254,55.8359,1379.09,1.20769,1011.44
15.3167,919,55140,15,19,0,0,55.6306,55.6412,1379.09,1.21049,1010.79
15.3333,920,55200,15,20,0,0,55.4359,55.4467,1379.09,1.2133,1010.15
15.35,921,55260,15,21,0,0,55.2402,55.251,1379.09,1.21616,1009.49
15.3667,922,55320,15,22,0,0,55.0441,55.055,1379.09,1.21906,1008.83
15.3833,923,55380,15,23,0,0,54.8475,54.8585,1379.09,1.22199,1008.16
15.4,924,55440,15,24,0,0,54.6502,54.6612,1379.09,1.22496,1007.48
15.4167,925,55500,15,25,0,0,54.4528,54.4639,1379.09,1.22795,1006.8
15.4333,926,55560,15,26,0,0,54.2558,54.267,1379.09,1.23097,1006.11
15.45,927,55620,15,27,0,0,54.0576,54.0689,1379.09,1.23405,1005.41
15.4667,928,55680,15,28,0,0,53.8586,53.87,1379.09,1.23716,1004.7
15.4833,929,55740,15,29,0,0,53.6596,53.671,1379.09,1.2403,1003.99
15.5,930,55800,15,30,0,0,53.4602,53.4717,1379.09,1.24348,1003.27
15.5167,931,55860,15,31,0,0,53.2613,53.2729,1379.09,1.24669,1002.55
15.5333,932,55920,15,32,0,0,53.0611,53.0729,1379.09,1.24994,1001.81
15.55,933,55980,15,33,0,0,52.8603,52.8721,1379.09,1.25324,1001.07
15.5667,934,56040,15,34,0,0,52.6594,52.6713,1379.09,1.25657,1000.32
15.5833,935,56100,15,35,0,0,52.4582,52.4702,1379.09,1.25995,999.562
15.6,936,56160,15,36,0,0,52.2566,52.2687,1379.09,1.26336,998.797
15.6167,937,56220,15,37,0,0,52.0553,52.0674,1379.09,1.2668,998.027
15.6333,938,56280,15,38,0,0,51.853,51.8653,1379.09,1.27029,997.246
15.65,939,56340,15,39,0,0,51.6505,51.6628,1379.09,1.27383,996.458
15.6667,940,56400,15,40,0,0,51.4476,51.46,1379.09,1.2774,995.662
15.6833,941,56460,15,41,0,0,51.2444,51.2569,1379.09,1.28102,994.858
15.7,942,56520,15,42,0,0,51.0409,51.0535,1379.09,1.28467,994.046
15.7167,943,56580,15,43,0,0,50.8376,50.8503,1379.09,1.28837,993.228
15.7333,944,56640,15,44,0,0,50.6335,50.6463,1379.09,1.29211,992.4
15.75,945,56700,15,45,0,0,50.4291,50.4419,1379.09,1.2959,991.564
15.7667,946,56760,15,46,0,0,50.2244,50.2374,1379.09,1.29973,990.72
15.7833,947,56820,15,47,0,0,50.0194,50.0325,1379.09,1.30361,989.867
15.8,948,56880,15,48,0,0,49.8146,49.8278,1379.09,1.30752,989.008
15.8167,949,56940,15,49,0,0,49.6091,49.6223,1379.09,1.31149,988.138
15.8333,950,57000,15,50,0,0,49.4033,49.4166,1379.09,1.3155,987.26
15.85,951,57060,15,51,0,0,49.1972,49.2107,1379.09,1.31956,986.373
15.8667,952,57120,15,52,0,0,48.9909,49.0045,1379.09,1.32367,985.478
15.8833,953,57180,15,53,0,0,48.7843,48.798,1379.09,1.32782,984.574
15.9,954,57240,15,54,0,0,48.578,48.5917,1379.09,1.33202,983.663
15.9167,955,57300,15,55,0,0,48.3709,48.3847,1379.09,1.33627,982.741
15.9333,956,57360,15,56,0,0,48.1636,48.1775,1379.09,1.34058,981.811
15.95,957,57420,15,57,0,0,47.956,47.9701,1379.09,1.34493,980.871
15.9667,958,57480,15,58,0,0,47.7478,47.762,1379.09,1.34934,979.921
15.9833,959,57540,15,59,0,0,47.5398,47.5541,1379.09,1.3538,978.963
16,960,57600,16,0,0,0,47.3324,47.3467,1379.09,1.35829,977.999
16.0167,961,57660,16,1,0,0,47.1239,47.1384,1379.09,1.36285,977.023
16.0333,962,57720,16,2,0,0,46.9148,46.9294,1379.09,1.36747,976.035
16.05,963,57780,16,3,0,0,46.7059,46.7206,1379.09,1.37214,975.04
16.0667,964,57840,16,4,0,0,46.4968,46.5116,1379.09,1.37687,974.035
16.0833,965,57900,16,5,0,0,46.2878,46.3027,1379.09,1.38164,973.022
16.1,966,57960,16,6,0,0,46.0783,46.0933,1379.09,1.38648,971.997
16.1167,967,58020,16,7,0,0,45.8682,45.8833,1379.09,1.39138,970.961
16.1333,968,58080,16,8,0,0,45.6582,45.6735,1379.09,1.39633,969.917
16.15,969,58140,16,9,0,0,45.4481,45.4635,1379.09,1.40134,968.863
16.1667,970,58200,16,10,0,0,45.2378,45.2533,1379.09,1.40641,967.798
16.1833,971,58260,16,11,0,0,45.0277,45.0433,1379.09,1.41153,966.726
16.2,972,58320,16,12,0,0,44.817,44.8327,1379.09,1.41672,965.641
16.2167,973,58380,16,13,0,0,44.6062,44.622,1379.09,1.42198,964.546
16.2333,974,58440,16,14,0,0,44.3951,44.411,1379.09,1.42729,963.44
16.25,975,58500,16,15,0,0,44.1839,44.1999,1379.09,1.43267,962.323
16.2667,976,58560,16,16,0,0,43.9729,43.9891,1379.09,1.43811,961.198
16.2833,977,58620,16,17,0,0,43.7614,43.7776,1379.09,1.44362,960.06
16.3,978,58680,16,18,0,0,43.5496,43.566,1379.09,1.44919,958.911
16.3167,979,58740,16,19,0,0,43.3378,43.3543,1379.09,1.45484,957.752
16.3333,980,58800,16,20,0,0,43.1257,43.1423,1379.09,1.46055,956.581
16.35,981,58860,16,21,0,0,42.9135,42.9302,1379.09,1.46633,955.398
16.3667,982,58920,16,22,0,0,42.7015,42.7184,1379.09,1.47217,954.207
16.3833,983,58980,16,23,0,0,42.489,42.506,1379.09,1.47809,953.002
16.4,984,59040,16,24,0,0,42.2764,42.2935,1379.09,1.48409,951.785
16.4167,985,59100,16,25,0,0,42.0636,42.0808,1379.09,1.49016,950.557
16.4333,986,59160,16,26,0,0,41.8506,41.868,1379.09,1.4963,949.316
16.45,987,59220,16,27,0,0,41.6375,41.655,1379.09,1.50252,948.064
16.4667,988,59280,16,28,0,0,41.4247,41.4423,1379.09,1.5088,946.802
16.4833,989,59340,16,29,0,0,41.2113,41.2291,1379.09,1.51517,945.526
16.5,990,59400,16,30,0,0,40.9978,41.0157,1379.09,1.52163,944.237
16.5167,991,59460,16,31,0,0,40.7842,40.8022,1379.09,1.52816,942.936
16.5333,992,59520,16,32,0,0,40.57,40.5882,1379.09,1.53478,941.62
16.55,993,59580,16,33,0,0,40.3569,40.3752,1379.09,1.54146,940.298
16.5667,994,59640,16,34,0,0,40.1429,40.1613,1379.09,1.54824,938.959
16.5833,995,59700,16,35,0,0,39.9288,39.9473,1379.09,1.5551,937.606
16.6,996,59760,16,36,0,0,39.7141,39.7328,1379.09,1.56207,936.238
16.6167,997,59820,16,37,0,0,39.4997,39.5186,1379.09,1.56911,934.86
16.6333,998,59880,16,38,0,0,39.2852,39.3043,1379.09,1.57624,933.468
16.65,999,59940,16,39,0,0,39.0714,39.0906,1379.09,1.58343,932.067
16.6667,1000,60000,16,40,0,0,38.8567,38.876,1379.09,1.59075,930.647
16.6833,1001,60060,16,41,0,0,38.6415,38.6609,1379.09,1.59817,929.211
16.7,1002,60120,16,42,0,0,38.4265,38.4462,1379.09,1.60567,927.764
16.7167,1003,60180,16,43,0,0,38.2115,38.2313,1379.09,1.61327,926.303
16.7333,1004,60240,16,44,0,0,37.9964,38.0163,1379.09,1.62097,924.827
16.75,1005,60300,16,45,0,0,37.7814,37.8015,1379.09,1.62875,923.338
16.7667,1006,60360,16,46,0,0,37.5661,37.5863,1379.09,1.63665,921.833
16.7833,1007,60420,16,47,0,0,37.3507,37.371,1379.09,1.64466,920.313
16.8,1008,60480,16,48,0,0,37.1351,37.1557,1379.09,1.65276,918.778
16.8167,1009,60540,16,49,0,0,36.9195,36.9402,1379.09,1.66098,917.228
16.8333,1010,60600,16,50,0,0,36.7037,36.7246,1379.09,1.66931,915.662
16.85,1011,60660,16,51,0,0,36.4879,36.5089,1379.09,1.67774,914.081
16.8667,1012,60720,16,52,0,0,36.272,36.2932,1379.09,1.68629,912.484
16.8833,1013,60780,16,53,0,0,36.056,36.0774,1379.09,1.69495,910.871
16.9,1014,60840,16,54,0,0,35.8399,35.8615,1379.09,1.70373,909.242
16.9167,1015,60900,16,55,0,0,35.6238,35.6455,1379.09,1.71263,907.597
16.9333,1016,60960,16,56,0,0,35.4079,35.4297,1379.09,1.72164,905.938
16.95,1017,61020,16,57,0,0,35.1915,35.2136,1379.09,1.73078,904.259
16.9667,1018,61080,16,58,0,0,34.9752,34.9974,1379.09,1.74005,902.564
16.9833,1019,61140,16,59,0,0,34.7587,34.7811,1379.09,1.74945,900.851
17,1020,61200,17,0,0,0,34.5421,34.5647,1379.09,1.75897,899.121
17.0167,1021,61260,17,1,0,0,34.3259,34.3487,1379.09,1.76861,897.377
17.0333,1022,61320,17,2,0,0,34.1092,34.1322,1379.09,1.7784,895.612
17.05,1023,61380,17,3,0,0,33.8925,33.9156,1379.09,1.78833,893.828
17.0667,1024,61440,17,4,0,0,33.6756,33.699,1379.09,1.7984,892.027
17.0833,1025,61500,17,5,0,0,33.4588,33.4823,1379.09,1.80861,890.207
17.1,1026,61560,17,6,0,0,33.2414,33.2651,1379.09,1.81899,888.365
17.1167,1027,61620,17,7,0,0,33.0251,33.049,1379.09,1.82946,886.513
17.1333,1028,61680,17,8,0,0,32.808,32.8321,1379.09,1.84012,884.636
17.15,1029,61740,17,9,0,0,32.5908,32.6152,1379.09,1.85093,882.74
17.1667,1030,61800,17,10,0,0,32.3736,32.3982,1379.09,1.86189,880.824
17.1833,1031,61860,17,11,0,0,32.156,32.1807,1379.09,1.87304,878.884
17.2,1032,61920,17,12,0,0,31.9387,31.9636,1379.09,1.88433,876.928
17.2167,1033,61980,17,13,0,0,31.722,31.7472,1379.09,1.89575,874.957
17.2333,1034,62040,17,14,0,0,31.5046,31.53,1379.09,1.90737,872.96
17.25,1035,62100,17,15,0,0,31.2867,31.3123,1379.09,1.91919,870.937
17.2667,1036,62160,17,16,0,0,31.0692,31.095,1379.09,1.93117,868.897
17.2833,1037,62220,17,17,0,0,30.8516,30.8776,1379.09,1.94333,866.835
17.3,1038,62280,17,18,0,0,30.6347,30.6609,1379.09,1.95562,864.758
17.3167,1039,62340,17,19,0,0,30.4167,30.4431,1379.09,1.96817,862.648
17.3333,1040,62400,17,20,0,0,30.199,30.2256,1379.09,1.98089,860.52
17.35,1041,62460,17,21,0,0,29.9812,30.0081,1379.09,1.99381,858.368
17.3667,1042,62520,17,22,0,0,29.7634,29.7905,1379.09,2.00692,856.193
17.3833,1043,62580,17,23,0,0,29.5455,29.5729,1379.09,2.02024,853.995
17.4,1044,62640,17,24,0,0,29.328,29.3556,1379.09,2.03375,851.775
17.4167,1045,62700,17,25,0,0,29.11,29.1379,1379.09,2.04749,849.528
17.4333,1046,62760,17,26,0,0,28.8921,28.9202,1379.09,2.06145,847.257
17.45,1047,62820,17,27,0,0,28.6741,28.7024,1379.09,2.07563,844.961
17.4667,1048,62880,17,28,0,0,28.456,28.4847,1379.09,2.09005,842.639
17.4833,1049,62940,17,29,0,0,28.238,28.2669,1379.09,2.10469,840.292
17.5,1050,63000,17,30,0,0,28.0202,28.0494,1379.09,2.11955,837.922
17.5167,1051,63060,17,31,0,0,27.802,27.8315,1379.09,2.13467,835.522
17.5333,1052,63120,17,32,0,0,27.5839,27.6136,1379.09,2.15004,833.095
17.55,1053,63180,17,33,0,0,27.3657,27.3957,1379.09,2.16567,830.641
17.5667,1054,63240,17,34,0,0,27.1475,27.1777,1379.09,2.18156,828.158
17.5833,1055,63300,17,35,0,0,26.9295,26.96,1379.09,2.1977,825.652
17.6,1056,63360,17,36,0,0,26.7112,26.742,1379.09,2.21413,823.113
17.6167,1057,63420,17,37,0,0,26.4929,26.524,1379.09,2.23084,820.545
17.6333,1058,63480,17,38,0,0,26.2746,26.306,1379.09,2.24783,817.948
17.65,1059,63540,17,39,0,0,26.0562,26.088,1379.09,2.26512,815.32
17.6667,1060,63600,17,40,0,0,25.8375,25.8695,1379.09,2.28274,812.658
17.6833,1061,63660,17,41,0,0,25.6193,25.6517,1379.09,2.30062,809.972
17.7,1062,63720,17,42,0,0,25.4009,25.4336,1379.09,2.31884,807.252
17.7167,1063,63780,17,43,0,0,25.1825,25.2155,1379.09,2.33738,804.5
17.7333,1064,63840,17,44,0,0,24.9641,24.9974,1379.09,2.35625,801.715
17.75,1065,63900,17,45,0,0,24.7452,24.7788,1379.09,2.3755,798.892
17.7667,1066,63960,17,46,0,0,24.5274,24.5614,1379.09,2.395,796.05
17.7833,1067,64020,17,47,0,0,24.3089,24.3432,1379.09,2.41492,793.164
17.8,1068,64080,17,48,0,0,24.0904,24.1251,1379.09,2.4352,790.244
17.8167,1069,64140,17,49,0,0,23.8715,23.9065,1379.09,2.4559,787.284
17.8333,1070,64200,17,50,0,0,23.653,23.6884,1379.09,2.47695,784.293
17.85,1071,64260,17,51,0,0,23.4345,23.4702,1379.09,2.4984,781.265
17.8667,1072,64320,17,52,0,0,23.2166,23.2527,1379.09,2.52019,778.21
17.8833,1073,64380,17,53,0,0,22.9977,23.0341,1379.09,2.54251,775.101
17.9,1074,64440,17,54,0,0,22.7791,22.816,1379.09,2.56522,771.96
17.9167,1075,64500,17,55,0,0,22.5605,22.5978,1379.09,2.58837,768.78
17.9333,1076,64560,17,56,0,0,22.342,22.3796,1379.09,2.61198,765.561
17.95,1077,64620,17,57,0,0,22.1234,22.1615,1379.09,2.63606,762.3
17.9667,1078,64680,17,58,0,0,21.9051,21.9436,1379.09,2.66058,759.004
17.9833,1079,64740,17,59,0,0,21.6866,21.7255,1379.09,2.68564,755.66
18,1080,64800,18,0,0,0,21.468,21.5073,1379.09,2.7112,752.274
18.0167,1081,64860,18,1,0,0,21.2494,21.2892,1379.09,2.73729,748.845
18.0333,1082,64920,18,2,0,0,21.0308,21.0711,1379.09,2.76393,745.371
18.05,1083,64980,18,3,0,0,20.8126,20.8532,1379.09,2.79108,741.857
18.0667,1084,65040,18,4,0,0,20.594,20.6351,1379.09,2.81885,738.292
18.0833,1085,65100,18,5,0,0,20.3754,20.417,1379.09,2.8472,734.68
18.1,1086,65160,18,6,0,0,20.1569,20.1989,1379.09,2.87617,731.021
18.1167,1087,65220,18,7,0,0,19.9383,19.9809,1379.09,2.90577,727.313
18.1333,1088,65280,18,8,0,0,19.7197,19.7628,1379.09,2.93601,723.556
18.15,1089,65340,18,9,0,0,19.5016,19.5452,1379.09,2.96688,719.754
18.1667,1090,65400,18,10,0,0,19.283,19.3271,1379.09,2.99849,715.895
18.1833,1091,65460,18,11,0,0,19.0645,19.1092,1379.09,3.03081,711.984
18.2,1092,65520,18,12,0,0,18.846,18.8912,1379.09,3.06387,708.019
18.2167,1093,65580,18,13,0,0,18.6275,18.6733,1379.09,3.09769,704
18.2333,1094,65640,18,14,0,0,18.4086,18.4549,1379.09,3.13236,699.917
18.25,1095,65700,18,15,0,0,18.1908,18.2377,1379.09,3.16767,695.799
18.2667,1096,65760,18,16,0,0,17.9724,18.0199,1379.09,3.20394,691.61
18.2833,1097,65820,18,17,0,0,17.7539,17.802,1379.09,3.24107,687.362
18.3,1098,65880,18,18,0,0,17.5351,17.5839,1379.09,3.27918,683.046
18.3167,1099,65940,18,19,0,0,17.3167,17.3661,1379.09,3.31815,678.677
18.3333,1100,66000,18,20,0,0,17.099,17.1491,1379.09,3.35796,674.26
18.35,1101,66060,18,21,0,0,16.8807,16.9314,1379.09,3.3989,669.764
18.3667,1102,66120,18,22,0,0,16.6623,16.7137,1379.09,3.44088,665.203
18.3833,1103,66180,18,23,0,0,16.4436,16.4957,1379.09,3.48402,660.567
18.4,1104,66240,18,24,0,0,16.2253,16.2781,1379.09,3.5282,655.871
18.4167,1105,66300,18,25,0,0,16.007,16.0605,1379.09,3.57354,651.107
18.4333,1106,66360,18,26,0,0,15.7894,15.8437,1379.09,3.61994,646.287
18.45,1107,66420,18,27,0,0,15.5708,15.6259,1379.09,3.66782,641.371
18.4667,1108,66480,18,28,0,0,15.3526,15.4085,1379.09,3.71692,636.39
18.4833,1109,66540,18,29,0,0,15.1344,15.1911,1379.09,3.76738,631.333
18.5,1110,66600,18,30,0,0,14.9163,14.9738,1379.09,3.81924,626.2
18.5167,1111,66660,18,31,0,0,14.6984,14.7568,1379.09,3.87252,620.993
18.5333,1112,66720,18,32,0,0,14.4798,14.5391,1379.09,3.92749,615.69
18.55,1113,66780,18,33,0,0,14.2618,14.322,1379.09,3.98394,610.315
18.5667,1114,66840,18,34,0,0,14.0437,14.1049,1379.09,4.04206,604.857
18.5833,1115,66900,18,35,0,0,13.8257,13.8878,1379.09,4.1019,599.312
18.6,1116,66960,18,36,0,0,13.6077,13.6708,1379.09,4.16356,593.681
18.6167,1117,67020,18,37,0,0,13.3902,13.4543,1379.09,4.227,587.969
18.6333,1118,67080,18,38,0,0,13.1723,13.2374,1379.09,4.29251,582.156
18.65,1119,67140,18,39,0,0,12.9544,13.0206,1379.09,4.36008,576.251
18.6667,1120,67200,18,40,0,0,12.7366,12.8039,1379.09,4.42981,570.249
18.6833,1121,67260,18,41,0,0,12.5188,12.5873,1379.09,4.5018,564.151
18.7,1122,67320,18,42,0,0,12.301,12.3707,1379.09,4.57616,557.952
18.7167,1123,67380,18,43,0,0,12.0836,12.1545,1379.09,4.65289,551.66
18.7333,1124,67440,18,44,0,0,11.8659,11.9381,1379.09,4.73233,545.256
18.75,1125,67500,18,45,0,0,11.6483,11.7218,1379.09,4.8145,538.746
18.7667,1126,67560,18,46,0,0,11.4307,11.5056,1379.09,4.89954,532.126
18.7833,1127,67620,18,47,0,0,11.2131,11.2894,1379.09,4.98759,525.396
18.8,1128,67680,18,48,0,0,10.9959,11.0737,1379.09,5.07866,518.564
18.8167,1129,67740,18,49,0,0,10.7785,10.8577,1379.09,5.17322,511.605
18.8333,1130,67800,18,50,0,0,10.5611,10.6419,1379.09,5.27131,504.528
18.85,1131,67860,18,51,0,0,10.3437,10.4261,1379.09,5.3731,497.33
18.8667,1132,67920,18,52,0,0,10.126,10.2101,1379.09,5.47902,489.995
18.8833,1133,67980,18,53,0,0,9.90868,9.99453,1379.09,5.58888,482.549
18.9,1134,68040,18,54,0,0,9.69218,9.77984,1379.09,5.70272,475
18.9167,1135,68100,18,55,0,0,9.47501,9.56454,1379.09,5.82157,467.295
18.9333,1136,68160,18,56,0,0,9.25788,9.34938,1379.09,5.94533,459.458
18.95,1137,68220,18,57,0,0,9.04044,9.13397,1379.09,6.07451,451.471
18.9667,1138,68280,18,58,0,0,8.82342,8.91907,1379.09,6.209,443.361
18.9833,1139,68340,18,59,0,0,8.60645,8.70432,1379.09,6.34936,435.11
19,1140,68400,19,0,0,0,8.39028,8.49045,1379.09,6.49544,426.746
19.0167,1141,68460,19,1,0,0,8.173,8.27557,1379.09,6.64897,418.192
19.0333,1142,68520,19,2,0,0,7.9562,8.06129,1379.09,6.80929,409.508
19.05,1143,68580,19,3,0,0,7.73946,7.84717,1379.09,6.97717,400.675
19.0667,1144,68640,19,4,0,0,7.52277,7.63323,1379.09,7.15312,391.694
19.0833,1145,68700,19,5,0,0,7.30688,7.4202,1379.09,7.33708,382.591
19.1,1146,68760,19,6,0,0,7.08994,7.20629,1379.09,7.53125,373.29
19.1167,1147,68820,19,7,0,0,6.87344,6.99294,1379.09,7.73503,363.851
19.1333,1148,68880,19,8,0,0,6.657,6.77981,1379.09,7.94948,354.257
19.15,1149,68940,19,9,0,0,6.44062,6.56691,1379.09,8.1754,344.511
19.1667,1150,69000,19,10,0,0,6.22431,6.35426,1379.09,8.41368,334.611
19.1833,1151,69060,19,11,0,0,6.00838,6.14217,1379.09,8.66492,324.574
19.2,1152,69120,19,12,0,0,5.79221,5.93003,1379.09,8.93093,314.371
19.2167,1153,69180,19,13,0,0,5.5761,5.71818,1379.09,9.21253,304.02
19.2333,1154,69240,19,14,0,0,5.36005,5.50662,1379.09,9.51103,293.526
19.25,1155,69300,19,15,0,0,5.14407,5.29538,1379.09,9.8279,282.891
19.2667,1156,69360,19,16,0,0,4.92803,5.08393,1379.09,10.1656,272.093
19.2833,1157,69420,19,17,0,0,4.7122,4.87355,1379.09,10.5239,261.206
19.3,1158,69480,19,18,0,0,4.49644,4.66369,1379.09,10.9057,250.207
19.3167,1159,69540,19,19,0,0,4.28074,4.45432,1379.09,11.3132,239.105
19.3333,1160,69600,19,20,0,0,4.06512,4.24545,1379.09,11.7488,227.912
19.35,1161,69660,19,21,0,0,3.84958,4.03711,1379.09,12.2154,216.643
19.3667,1162,69720,19,22,0,0,3.63446,3.82964,1379.09,12.7151,205.33
19.3833,1163,69780,19,23,0,0,3.41907,3.62242,1379.09,13.2529,193.959
19.4,1164,69840,19,24,0,0,3.20376,3.41583,1379.09,13.832,182.571
19.4167,1165,69900,19,25,0,0,2.98853,3.20992,1379.09,14.4566,171.19
19.4333,1166,69960,19,26,0,0,2.773,3.00439,1379.09,15.1327,159.83
19.45,1167,70020,19,27,0,0,2.55794,2.80005,1379.09,15.8632,148.563
19.4667,1168,70080,19,28,0,0,2.3437,2.59731,1379.09,16.6526,137.447
19.4833,1169,70140,19,29,0,0,2.12879,2.39485,1379.09,17.5128,126.446
19.5,1170,70200,19,30,0,0,1.91397,2.19349,1379.09,18.4488,115.647
19.5167,1171,70260,19,31,0,0,1.69881,1.99294,1379.09,19.4708,105.078
19.5333,1172,70320,19,32,0,0,1.48416,1.79413,1379.09,20.584,94.8361
19.55,1173,70380,19,33,0,0,1.27033,1.59744,1379.09,21.796,84.9874
19.5667,1174,70440,19,34,0,0,1.05586,1.40169,1379.09,23.1257,75.5226
19.5833,1175,70500,19,35,0,0,0.841103,1.20734,1379.09,24.5838,66.5168
19.6,1176,70560,19,36,0,0,0.626808,1.01524,1379.09,26.1771,58.0578
19.6167,1177,70620,19,37,0,0,0.412605,0.825223,1379.09,27.9206,50.1801
19.6333,1178,70680,19,38,0,0,0.198494,0.637459,1379.09,29.8267,42.928
19.6397,1178.38,70703,19,38,23,0,0.116531,0.566197,1379.09,30.6018,40.3249
